customer_id,age,gender,product_category,purchase_amount,purchase_frequency,last_purchase_days,is_high_value
C0001,30,M,Accessory,24929,4,79,0
C0002,49,F,Laptop,24452,2,37,0
C0003,39,M,Phone,24012,3,45,0
C0004,42,M,Phone,14337,3,142,0
C0005,44,M,Phone,7784,3,43,0
C0006,34,M,Accessory,16882,2,116,0
C0007,23,F,Accessory,10834,3,85,0
C0008,60,M,Accessory,23460,2,84,0
C0009,33,M,Tablet,26993,5,161,0
C0010,25,M,Laptop,21381,4,3,0
C0011,50,F,Laptop,19992,4,104,0
C0012,27,F,Laptop,17516,2,87,0
C0013,51,M,Tablet,27842,3,172,0
C0014,36,M,Laptop,5356,5,111,0
C0015,31,M,Laptop,10350,2,87,0
C0016,20,F,Phone,34613,5,91,0
C0017,58,M,Phone,9960,0,35,0
C0018,40,M,Tablet,24248,2,153,0
C0019,57,F,Accessory,25894,0,96,0
C0020,28,F,Laptop,4589,1,86,0
C0021,64,F,Phone,6125,3,136,0
C0022,23,M,Accessory,30117,4,116,0
C0023,51,M,Tablet,12216,3,146,0
C0024,18,M,Laptop,12434,6,92,0
C0025,52,F,Laptop,15832,3,156,0
C0026,42,M,Laptop,12236,3,140,0
C0027,46,M,Laptop,24210,5,2,0
C0028,40,F,Tablet,10543,5,165,0
C0029,35,F,Phone,4273,1,124,0
C0030,31,M,Phone,29250,3,4,1
C0031,34,F,Phone,10936,3,169,0
C0032,19,M,Phone,13983,4,173,0
C0033,48,M,Phone,26638,6,109,0
C0034,36,M,Phone,20561,4,111,0
C0035,49,F,Phone,28898,5,34,1
C0036,45,M,Phone,26761,4,87,0
C0037,58,F,Phone,16372,3,13,0
C0038,25,F,Phone,28175,2,7,0
C0039,59,F,Laptop,21342,3,32,0
C0040,58,F,Laptop,15212,2,23,0
C0041,57,M,Phone,22323,4,177,0
C0042,56,F,Laptop,9524,3,47,0
C0043,39,M,Accessory,26670,2,165,0
C0044,41,M,Accessory,25632,4,176,0
C0045,55,M,Phone,20962,1,29,0
C0046,19,M,Tablet,4653,3,165,0
C0047,58,F,Phone,29235,3,23,1
C0048,58,F,Phone,23496,3,38,0
C0049,36,M,Phone,19816,4,127,0
C0050,58,M,Phone,18554,0,44,0
C0051,19,M,Laptop,15706,2,5,0
C0052,45,F,Laptop,17244,2,40,0
C0053,49,F,Tablet,26153,2,139,0
C0054,36,M,Phone,15866,5,78,0
C0055,33,M,Phone,17805,2,106,0
C0056,47,M,Phone,18979,2,130,0
C0057,39,F,Phone,19198,2,163,0
C0058,31,M,Accessory,15057,3,173,0
C0059,18,F,Tablet,18638,3,49,0
C0060,62,F,Accessory,22746,5,123,0
C0061,19,F,Laptop,12761,3,35,0
C0062,39,M,Laptop,18675,2,106,0
C0063,63,F,Phone,35447,6,72,0
C0064,50,F,Laptop,19494,5,160,0
C0065,32,M,Laptop,12556,4,109,0
C0066,58,M,Tablet,11620,3,125,0
C0067,39,M,Laptop,9878,3,71,0
C0068,57,F,Phone,33016,1,39,0
C0069,56,F,Tablet,28064,2,176,0
C0070,58,M,Tablet,9682,5,91,0
C0071,58,F,Laptop,21709,2,37,0
C0072,28,M,Laptop,29798,5,81,0
C0073,21,M,Phone,19676,5,132,0
C0074,24,F,Laptop,16067,2,23,0
C0075,38,F,Phone,37927,5,142,0
C0076,24,F,Phone,4757,5,5,0
C0077,21,F,Laptop,41060,2,110,0
C0078,29,M,Phone,20479,4,152,0
C0079,44,M,Tablet,30323,1,18,0
C0080,34,F,Tablet,10395,3,27,0
C0081,37,F,Phone,14195,6,24,0
C0082,48,F,Tablet,11360,4,29,0
C0083,43,M,Laptop,19191,2,139,0
C0084,48,M,Phone,22461,6,146,0
C0085,52,F,Laptop,28534,5,123,0
C0086,26,M,Laptop,6308,4,128,0
C0087,22,M,Laptop,21255,7,112,0
C0088,25,M,Accessory,27159,5,117,0
C0089,38,M,Laptop,28657,4,132,0
C0090,33,F,Accessory,16475,3,33,0
C0091,33,F,Laptop,16575,2,42,0
C0092,35,F,Phone,19263,3,160,0
C0093,64,F,Laptop,21488,3,179,0
C0094,45,M,Phone,30420,3,125,0
C0095,35,F,Laptop,10319,3,4,0
C0096,31,F,Laptop,13709,0,20,0
C0097,54,F,Laptop,9348,6,68,0
C0098,57,F,Phone,23422,3,58,0
C0099,33,F,Laptop,28810,4,175,0
C0100,38,M,Phone,8632,0,80,0
C0101,18,F,Laptop,20709,1,134,0
C0102,28,M,Tablet,28232,2,95,0
C0103,28,M,Accessory,26276,1,168,0
C0104,19,M,Phone,26182,4,151,0
C0105,49,M,Laptop,10480,2,4,0
C0106,36,M,Laptop,26155,4,165,0
C0107,22,M,Accessory,18512,4,170,0
C0108,20,F,Laptop,28561,2,44,0
C0109,45,M,Phone,23593,5,125,0
C0110,43,F,Laptop,13475,5,42,0
C0111,40,M,Laptop,22230,1,29,0
C0112,47,M,Tablet,26548,5,147,0
C0113,25,M,Tablet,15949,2,160,0
C0114,53,F,Phone,21030,1,44,0
C0115,46,M,Accessory,9307,5,55,0
C0116,30,M,Phone,24392,6,80,0
C0117,42,F,Accessory,19549,1,133,0
C0118,39,M,Tablet,27312,5,113,0
C0119,63,M,Laptop,24166,3,174,0
C0120,50,M,Tablet,16742,0,173,0
C0121,54,F,Phone,13229,1,21,0
C0122,24,M,Phone,11388,5,78,0
C0123,40,M,Phone,15940,2,150,0
C0124,23,F,Phone,27096,3,30,1
C0125,32,F,Laptop,5949,3,23,0
C0126,32,M,Phone,11714,4,5,0
C0127,57,M,Tablet,26871,3,63,0
C0128,51,M,Laptop,30631,4,59,1
C0129,31,M,Laptop,12134,3,82,0
C0130,46,F,Laptop,11625,7,52,0
C0131,33,F,Phone,31257,3,65,0
C0132,46,F,Phone,19011,3,39,0
C0133,40,M,Phone,12843,1,3,0
C0134,27,F,Tablet,28356,3,170,0
C0135,64,F,Laptop,24027,2,71,0
C0136,21,M,Phone,25893,5,155,0
C0137,29,M,Tablet,13260,6,156,0
C0138,59,M,Phone,22998,4,15,0
C0139,51,M,Laptop,29970,4,72,0
C0140,21,M,Laptop,25126,2,70,0
C0141,37,M,Tablet,27358,3,4,1
C0142,45,F,Accessory,31225,5,94,0
C0143,45,M,Tablet,23421,2,145,0
C0144,23,M,Laptop,15479,3,34,0
C0145,31,F,Phone,27016,3,124,0
C0146,52,F,Tablet,11154,3,134,0
C0147,64,F,Laptop,18221,4,36,0
C0148,18,F,Phone,24704,3,99,0
C0149,36,F,Tablet,1000,0,167,0
C0150,18,M,Phone,22019,3,80,0
C0151,30,M,Phone,22397,2,66,0
C0152,25,F,Accessory,10912,6,136,0
C0153,35,F,Laptop,22606,1,143,0
C0154,52,F,Phone,21519,2,91,0
C0155,40,F,Tablet,20271,2,80,0
C0156,43,M,Tablet,29515,1,59,0
C0157,58,F,Phone,27031,4,10,1
C0158,55,F,Laptop,25119,5,7,1
C0159,37,M,Tablet,11806,2,112,0
C0160,19,M,Phone,19861,4,76,0
C0161,43,M,Laptop,29475,4,12,1
C0162,53,F,Phone,18282,3,79,0
C0163,42,F,Tablet,32434,4,46,1
C0164,47,M,Tablet,25353,2,32,0
C0165,35,F,Phone,33676,2,160,0
C0166,24,F,Tablet,11461,3,115,0
C0167,44,M,Tablet,18762,3,114,0
C0168,28,M,Phone,19518,2,126,0
C0169,54,M,Laptop,24849,2,90,0
C0170,25,F,Phone,14091,6,61,0
C0171,28,M,Accessory,7139,2,61,0
C0172,41,F,Laptop,23025,4,102,0
C0173,47,F,Laptop,17068,2,114,0
C0174,47,F,Laptop,16234,4,174,0
C0175,32,M,Laptop,14457,3,92,0
C0176,52,M,Tablet,20991,0,129,0
C0177,56,M,Laptop,11385,4,107,0
C0178,41,F,Accessory,18446,2,49,0
C0179,25,M,Laptop,13370,2,25,0
C0180,60,M,Phone,15126,3,16,0
C0181,59,F,Accessory,22830,6,141,0
C0182,37,F,Laptop,25211,5,108,0
C0183,58,M,Laptop,17551,5,164,0
C0184,64,M,Accessory,27742,0,44,0
C0185,43,F,Phone,12218,4,83,0
C0186,41,F,Laptop,7840,4,47,0
C0187,39,F,Phone,9309,3,124,0
C0188,22,M,Laptop,11396,4,80,0
C0189,32,M,Tablet,9496,2,76,0
C0190,53,F,Accessory,36169,2,20,0
C0191,54,M,Laptop,7598,1,146,0
C0192,46,M,Tablet,27499,5,12,1
C0193,32,M,Accessory,19798,2,112,0
C0194,44,F,Laptop,21796,0,153,0
C0195,25,M,Phone,12754,3,60,0
C0196,46,F,Laptop,22603,3,75,0
C0197,36,M,Accessory,12688,4,110,0
C0198,48,F,Accessory,27382,2,34,0
C0199,26,F,Laptop,28044,4,141,0
C0200,27,M,Tablet,18921,4,166,0
C0201,54,M,Phone,19445,0,140,0
C0202,27,F,Phone,23461,1,36,0
C0203,50,F,Accessory,23052,4,28,0
C0204,42,M,Phone,28193,1,39,0
C0205,21,F,Phone,27966,3,77,0
C0206,22,F,Laptop,19769,2,171,0
C0207,40,M,Laptop,16182,3,104,0
C0208,56,M,Laptop,26492,0,91,0
C0209,22,M,Phone,18749,0,115,0
C0210,25,M,Accessory,20909,4,159,0
C0211,34,F,Accessory,24242,1,2,0
C0212,18,M,Phone,27804,2,117,0
C0213,29,M,Laptop,22086,1,82,0
C0214,52,M,Tablet,15302,5,90,0
C0215,31,M,Laptop,34376,1,42,0
C0216,35,F,Phone,32242,3,31,1
C0217,27,F,Laptop,11855,2,61,0
C0218,32,M,Phone,12705,3,102,0
C0219,59,M,Phone,13711,1,56,0
C0220,50,M,Laptop,26788,5,83,0
C0221,36,M,Laptop,34681,1,128,0
C0222,51,F,Tablet,15949,3,14,0
C0223,62,F,Tablet,21354,4,14,0
C0224,42,F,Phone,13979,4,157,0
C0225,33,F,Tablet,33601,1,178,0
C0226,25,M,Phone,26598,4,50,1
C0227,52,F,Laptop,13402,1,101,0
C0228,38,F,Tablet,3181,2,68,0
C0229,36,M,Laptop,28300,3,71,0
C0230,63,F,Laptop,15420,5,11,0
C0231,28,F,Laptop,26741,3,14,1
C0232,61,F,Accessory,22349,5,106,0
C0233,28,M,Laptop,5325,1,104,0
C0234,28,M,Tablet,13545,2,131,0
C0235,39,M,Accessory,17166,2,128,0
C0236,38,M,Tablet,14593,4,8,0
C0237,44,F,Laptop,20929,1,171,0
C0238,35,F,Phone,23211,2,137,0
C0239,59,M,Phone,34314,1,19,0
C0240,57,M,Laptop,23777,2,140,0
C0241,55,M,Tablet,31928,4,155,0
C0242,47,F,Laptop,16185,1,112,0
C0243,62,F,Accessory,29321,8,58,1
C0244,64,M,Phone,16950,6,25,0
C0245,62,M,Tablet,12663,4,45,0
C0246,50,M,Laptop,12325,4,102,0
C0247,38,M,Laptop,1000,2,48,0
C0248,19,M,Tablet,26832,3,50,1
C0249,30,M,Phone,9678,5,81,0
C0250,19,M,Phone,31265,3,44,1
C0251,60,M,Laptop,18606,3,59,0
C0252,62,F,Laptop,7561,1,161,0
C0253,48,M,Tablet,11058,3,103,0
C0254,27,F,Accessory,21525,3,78,0
C0255,40,M,Phone,4960,3,156,0
C0256,39,F,Laptop,24719,3,18,0
C0257,64,M,Laptop,7869,2,161,0
C0258,46,M,Accessory,14088,3,116,0
C0259,50,F,Accessory,21589,3,106,0
C0260,48,M,Tablet,23740,5,143,0
C0261,31,F,Laptop,26381,1,11,0
C0262,27,F,Phone,9547,3,164,0
C0263,35,F,Phone,17532,5,143,0
C0264,28,M,Laptop,28743,2,62,0
C0265,56,F,Tablet,17534,2,48,0
C0266,64,M,Laptop,22354,2,94,0
C0267,20,F,Tablet,21299,3,143,0
C0268,19,M,Laptop,30409,1,87,0
C0269,25,F,Tablet,16272,2,171,0
C0270,48,F,Phone,8880,1,50,0
C0271,25,M,Phone,12257,2,60,0
C0272,60,M,Phone,21510,2,59,0
C0273,19,M,Tablet,7443,2,15,0
C0274,39,M,Phone,15644,3,29,0
C0275,22,M,Tablet,20603,2,40,0
C0276,24,M,Phone,13867,1,31,0
C0277,37,M,Laptop,22614,4,73,0
C0278,45,M,Accessory,25795,3,11,1
C0279,30,M,Laptop,23639,3,81,0
C0280,19,F,Phone,7619,1,62,0
C0281,49,F,Phone,20633,7,136,0
C0282,43,F,Accessory,21259,5,51,0
C0283,20,F,Laptop,16952,1,57,0
C0284,58,M,Laptop,22506,5,132,0
C0285,59,F,Laptop,22219,3,164,0
C0286,30,F,Phone,19272,7,147,0
C0287,38,F,Phone,11965,2,24,0
C0288,62,M,Laptop,19787,2,41,0
C0289,54,M,Tablet,34935,2,49,0
C0290,40,F,Phone,16861,3,174,0
C0291,24,F,Tablet,28378,3,36,1
C0292,34,F,Tablet,20310,2,10,0
C0293,45,M,Accessory,13594,2,78,0
C0294,64,F,Phone,17627,1,135,0
C0295,47,F,Phone,19865,4,140,0
C0296,22,M,Tablet,25241,8,86,0
C0297,41,F,Phone,39040,5,176,0
C0298,24,F,Phone,20437,3,165,0
C0299,51,F,Tablet,10153,4,164,0
C0300,59,F,Phone,6763,3,60,0
C0301,50,F,Laptop,16625,3,96,0
C0302,44,F,Laptop,10975,5,8,0
C0303,31,F,Tablet,24463,4,135,0
C0304,36,F,Phone,24522,3,107,0
C0305,55,M,Tablet,18832,1,171,0
C0306,29,F,Laptop,25259,3,58,1
C0307,20,F,Laptop,20518,6,81,0
C0308,24,F,Phone,34940,2,86,0
C0309,52,M,Phone,25008,1,174,0
C0310,42,F,Laptop,27164,3,34,1
C0311,32,M,Laptop,8414,4,84,0
C0312,36,F,Accessory,10630,2,117,0
C0313,36,M,Laptop,23830,1,22,0
C0314,40,M,Laptop,7606,3,149,0
C0315,28,M,Laptop,15004,2,15,0
C0316,38,F,Tablet,29435,7,133,0
C0317,51,F,Laptop,14833,3,102,0
C0318,56,M,Phone,10322,3,145,0
C0319,24,F,Tablet,25340,6,147,0
C0320,59,M,Laptop,36588,5,5,1
C0321,61,F,Laptop,13530,5,23,0
C0322,44,F,Laptop,29792,5,83,0
C0323,40,M,Tablet,12534,7,14,0
C0324,55,M,Phone,19100,1,10,0
C0325,37,F,Phone,19446,4,31,0
C0326,44,M,Tablet,13744,0,141,0
C0327,25,M,Phone,27003,4,127,0
C0328,54,F,Tablet,7682,6,150,0
C0329,20,M,Phone,21560,2,37,0
C0330,19,F,Phone,28593,2,167,0
C0331,39,F,Phone,26337,3,138,0
C0332,23,M,Laptop,23929,2,31,0
C0333,56,M,Laptop,32682,7,171,0
C0334,57,M,Phone,18243,2,99,0
C0335,53,F,Phone,7802,4,164,0
C0336,61,M,Accessory,21081,3,35,0
C0337,41,F,Laptop,18993,2,111,0
C0338,29,M,Tablet,3073,3,68,0
C0339,34,M,Accessory,10999,2,117,0
C0340,39,F,Accessory,9978,1,126,0
C0341,36,M,Tablet,13483,3,175,0
C0342,26,M,Phone,17190,3,6,0
C0343,29,F,Accessory,17497,0,119,0
C0344,49,M,Tablet,13769,2,156,0
C0345,48,M,Tablet,9968,3,30,0
C0346,34,F,Phone,23019,1,155,0
C0347,40,M,Accessory,20932,2,69,0
C0348,27,M,Tablet,21173,5,108,0
C0349,47,F,Tablet,34232,4,167,0
C0350,36,M,Phone,21302,2,35,0
C0351,43,M,Phone,17066,3,103,0
C0352,43,M,Accessory,19153,2,44,0
C0353,28,F,Laptop,20790,2,143,0
C0354,37,M,Phone,24926,6,160,0
C0355,62,F,Tablet,19642,2,29,0
C0356,21,M,Phone,4456,3,6,0
C0357,64,M,Laptop,16506,2,27,0
C0358,29,M,Phone,20011,3,28,0
C0359,42,M,Phone,30433,4,133,0
C0360,27,M,Phone,13712,1,169,0
C0361,39,M,Phone,6917,2,56,0
C0362,24,M,Phone,20515,6,112,0
C0363,41,M,Laptop,26929,1,54,0
C0364,19,M,Accessory,16852,1,80,0
C0365,49,F,Laptop,39064,3,105,0
C0366,38,M,Phone,37179,3,18,1
C0367,24,F,Phone,19420,1,43,0
C0368,25,F,Tablet,21493,2,89,0
C0369,55,M,Accessory,30949,2,74,0
C0370,38,F,Phone,19281,3,157,0
C0371,25,F,Phone,13567,4,10,0
C0372,42,F,Laptop,27111,2,134,0
C0373,45,F,Tablet,23715,4,89,0
C0374,45,M,Laptop,13541,4,132,0
C0375,48,F,Laptop,22233,4,34,0
C0376,53,M,Tablet,18719,5,83,0
C0377,42,F,Accessory,16919,4,161,0
C0378,58,F,Phone,13713,5,132,0
C0379,54,F,Accessory,20971,2,172,0
C0380,55,M,Phone,17873,2,98,0
C0381,29,M,Tablet,22277,5,31,0
C0382,54,M,Laptop,26558,1,80,0
C0383,54,M,Laptop,21852,1,60,0
C0384,48,F,Laptop,21989,1,2,0
C0385,35,M,Phone,15670,3,36,0
C0386,43,F,Phone,29394,2,125,0
C0387,23,M,Laptop,13211,6,151,0
C0388,26,F,Laptop,7104,1,103,0
C0389,28,F,Phone,11432,1,175,0
C0390,48,M,Accessory,28274,2,116,0
C0391,63,F,Phone,23671,3,101,0
C0392,19,F,Laptop,30495,3,46,1
C0393,46,F,Phone,9415,3,80,0
C0394,63,F,Laptop,38561,0,107,0
C0395,59,F,Phone,17730,3,44,0
C0396,22,M,Laptop,5917,3,147,0
C0397,40,M,Phone,37566,1,49,0
C0398,53,F,Phone,9519,1,88,0
C0399,24,F,Tablet,16816,2,58,0
C0400,30,M,Laptop,18353,4,91,0
C0401,59,M,Phone,23552,4,135,0
C0402,27,M,Phone,13669,5,94,0
C0403,53,F,Tablet,28314,4,169,0
C0404,33,F,Phone,26029,3,78,0
C0405,32,M,Accessory,20152,0,122,0
C0406,60,M,Laptop,30594,3,143,0
C0407,36,M,Phone,19457,4,76,0
C0408,38,F,Tablet,17794,3,53,0
C0409,52,F,Tablet,35984,3,23,1
C0410,32,F,Phone,22365,1,77,0
C0411,31,M,Laptop,12114,3,73,0
C0412,46,F,Laptop,13197,0,88,0
C0413,22,M,Accessory,20151,4,103,0
C0414,35,M,Laptop,1000,0,94,0
C0415,18,M,Phone,14936,4,60,0
C0416,44,F,Phone,19196,4,10,0
C0417,44,F,Phone,18662,2,102,0
C0418,42,F,Phone,9940,3,58,0
C0419,58,F,Phone,16411,3,175,0
C0420,38,F,Laptop,29438,8,143,0
C0421,31,F,Phone,27785,5,9,1
C0422,37,M,Phone,20764,3,13,0
C0423,45,M,Laptop,19448,2,151,0
C0424,38,F,Phone,18706,3,161,0
C0425,40,F,Phone,21890,3,137,0
C0426,28,F,Phone,20820,1,131,0
C0427,19,M,Phone,22593,4,73,0
C0428,37,F,Tablet,24014,8,116,0
C0429,41,M,Laptop,10311,1,153,0
C0430,42,F,Phone,17517,5,125,0
C0431,54,M,Phone,21583,5,111,0
C0432,39,M,Phone,12273,4,71,0
C0433,41,F,Laptop,14609,10,164,0
C0434,32,M,Laptop,18256,5,89,0
C0435,29,M,Laptop,18649,3,20,0
C0436,63,M,Phone,21732,3,81,0
C0437,48,M,Phone,13215,2,90,0
C0438,60,F,Tablet,27744,4,19,1
C0439,48,M,Tablet,18583,2,165,0
C0440,47,M,Accessory,21161,2,112,0
C0441,58,M,Phone,17041,2,131,0
C0442,37,F,Tablet,21885,3,107,0
C0443,25,F,Tablet,33369,5,121,0
C0444,61,M,Accessory,16967,5,92,0
C0445,47,F,Phone,15644,4,147,0
C0446,52,F,Tablet,13358,6,174,0
C0447,38,F,Phone,19523,4,80,0
C0448,64,F,Laptop,19430,1,31,0
C0449,57,F,Phone,20411,6,53,0
C0450,45,F,Tablet,23746,3,113,0
C0451,56,F,Tablet,22737,1,34,0
C0452,34,M,Phone,19819,3,31,0
C0453,29,M,Laptop,35630,2,139,0
C0454,35,M,Phone,25525,2,6,0
C0455,64,F,Laptop,11285,4,27,0
C0456,45,M,Phone,7638,3,7,0
C0457,20,F,Phone,14434,2,49,0
C0458,32,F,Tablet,21221,2,96,0
C0459,33,M,Phone,13764,2,60,0
C0460,39,M,Laptop,14978,1,33,0
C0461,48,M,Tablet,20208,3,47,0
C0462,48,M,Accessory,17264,3,172,0
C0463,18,F,Tablet,3618,2,119,0
C0464,28,M,Phone,28617,0,27,0
C0465,23,M,Tablet,26759,2,22,0
C0466,40,F,Phone,9719,3,47,0
C0467,26,F,Accessory,20455,4,93,0
C0468,33,F,Tablet,11067,4,176,0
C0469,55,F,Tablet,15129,1,158,0
C0470,61,F,Phone,23889,1,2,0
C0471,36,M,Laptop,26480,2,143,0
C0472,62,M,Tablet,26293,8,47,1
C0473,30,F,Tablet,21958,2,27,0
C0474,49,M,Phone,30201,8,27,1
C0475,53,F,Accessory,15115,0,141,0
C0476,26,M,Phone,16890,4,145,0
C0477,63,M,Laptop,1000,3,75,0
C0478,63,M,Laptop,19255,4,10,0
C0479,54,M,Phone,24637,6,121,0
C0480,48,M,Phone,22282,5,33,0
C0481,48,F,Tablet,15007,1,165,0
C0482,36,M,Phone,26756,5,126,0
C0483,19,M,Phone,19409,4,8,0
C0484,62,M,Tablet,26131,4,161,0
C0485,49,M,Tablet,23889,0,135,0
C0486,60,F,Laptop,31396,2,162,0
C0487,51,F,Phone,22714,5,71,0
C0488,18,F,Phone,24879,6,135,0
C0489,38,M,Tablet,19386,1,41,0
C0490,20,F,Laptop,15976,6,118,0
C0491,44,F,Laptop,23925,3,55,0
C0492,61,F,Tablet,32021,2,7,0
C0493,24,F,Laptop,15072,6,84,0
C0494,50,M,Phone,18014,1,146,0
C0495,26,M,Accessory,20213,4,171,0
C0496,47,M,Laptop,25479,2,78,0
C0497,35,M,Laptop,22763,5,168,0
C0498,43,F,Accessory,27304,1,53,0
C0499,37,M,Accessory,35791,1,14,0
C0500,55,M,Laptop,14888,3,149,0
C0501,58,M,Phone,24877,1,113,0
C0502,48,F,Accessory,22565,4,57,0
C0503,25,F,Laptop,20152,3,91,0
C0504,40,F,Laptop,24848,2,46,0
C0505,42,M,Laptop,17865,2,154,0
C0506,64,M,Laptop,22584,5,91,0
C0507,18,M,Tablet,9557,3,152,0
C0508,63,M,Laptop,15689,4,133,0
C0509,35,F,Tablet,28380,2,170,0
C0510,36,M,Tablet,28072,6,102,0
C0511,59,F,Tablet,22075,2,106,0
C0512,23,F,Tablet,16375,2,171,0
C0513,34,M,Tablet,26602,2,128,0
C0514,63,F,Phone,29891,4,32,1
C0515,62,M,Phone,16701,2,6,0
C0516,25,M,Tablet,8359,2,74,0
C0517,59,M,Laptop,23593,2,135,0
C0518,26,M,Phone,27310,5,29,1
C0519,54,F,Phone,24699,6,34,0
C0520,44,F,Phone,32520,3,7,1
C0521,53,M,Tablet,32554,3,81,0
C0522,23,F,Tablet,17556,0,77,0
C0523,23,F,Phone,21591,1,58,0
C0524,62,F,Tablet,16027,1,85,0
C0525,21,M,Phone,11823,4,159,0
C0526,39,M,Tablet,12292,4,73,0
C0527,57,M,Laptop,25736,2,45,0
C0528,44,F,Tablet,22423,4,47,0
C0529,54,M,Phone,27119,6,77,0
C0530,19,M,Phone,40252,4,73,0
C0531,26,M,Tablet,23998,2,168,0
C0532,28,M,Phone,13696,1,116,0
C0533,37,M,Accessory,28281,3,30,1
C0534,60,M,Laptop,13547,2,71,0
C0535,56,F,Laptop,33986,6,145,0
C0536,31,M,Laptop,4228,0,103,0
C0537,43,F,Phone,15627,0,133,0
C0538,55,M,Laptop,24977,2,104,0
C0539,47,F,Accessory,29420,4,122,0
C0540,53,F,Phone,14584,5,129,0
C0541,55,F,Tablet,13133,2,31,0
C0542,52,M,Laptop,21186,6,163,0
C0543,23,M,Laptop,35271,1,109,0
C0544,20,F,Phone,7692,4,72,0
C0545,18,F,Laptop,17487,12,158,0
C0546,35,M,Accessory,22081,3,127,0
C0547,40,M,Phone,13632,3,85,0
C0548,49,M,Laptop,13604,5,15,0
C0549,46,F,Laptop,18132,5,56,0
C0550,40,F,Laptop,22341,2,27,0
C0551,53,F,Laptop,18439,4,2,0
C0552,23,F,Laptop,31724,3,74,0
C0553,34,F,Phone,24740,2,64,0
C0554,35,M,Accessory,23065,3,5,0
C0555,48,F,Tablet,28221,4,91,0
C0556,23,F,Phone,23206,4,68,0
C0557,51,M,Laptop,16454,1,141,0
C0558,61,M,Tablet,17894,6,81,0
C0559,61,M,Accessory,10964,2,85,0
C0560,44,F,Accessory,36039,2,23,0
C0561,53,M,Tablet,27445,3,97,0
C0562,59,F,Phone,1000,2,178,0
C0563,42,M,Accessory,30665,4,124,0
C0564,27,F,Tablet,8272,3,37,0
C0565,56,F,Phone,24165,3,30,0
C0566,63,M,Phone,2367,4,151,0
C0567,56,F,Laptop,16574,1,162,0
C0568,29,M,Laptop,30727,3,117,0
C0569,28,F,Phone,31173,0,9,0
C0570,60,F,Phone,22454,1,132,0
C0571,20,F,Phone,26299,1,66,0
C0572,39,M,Laptop,8691,3,120,0
C0573,21,F,Phone,24306,2,124,0
C0574,25,M,Tablet,26807,4,161,0
C0575,31,F,Phone,40557,5,160,0
C0576,37,F,Accessory,15014,3,44,0
C0577,41,M,Tablet,20130,3,109,0
C0578,31,M,Accessory,20624,4,37,0
C0579,45,F,Tablet,25588,6,67,0
C0580,33,F,Phone,27044,3,60,0
C0581,49,F,Laptop,28487,3,36,1
C0582,64,F,Phone,27903,2,49,0
C0583,29,F,Accessory,8151,3,179,0
C0584,33,F,Phone,1000,1,107,0
C0585,36,M,Laptop,15884,4,8,0
C0586,22,F,Tablet,19716,3,178,0
C0587,29,M,Accessory,15093,1,41,0
C0588,46,F,Tablet,16322,1,101,0
C0589,22,F,Laptop,17310,1,113,0
C0590,59,M,Laptop,24619,0,109,0
C0591,34,F,Laptop,11730,2,166,0
C0592,64,F,Phone,19377,3,86,0
C0593,25,M,Tablet,19438,2,78,0
C0594,57,F,Laptop,24437,3,55,0
C0595,57,M,Phone,29295,3,110,0
C0596,47,F,Accessory,33472,6,146,0
C0597,27,F,Laptop,14032,2,65,0
C0598,37,M,Tablet,4000,3,64,0
C0599,62,M,Tablet,18064,4,140,0
C0600,33,F,Tablet,7291,2,118,0
C0601,58,M,Phone,41876,4,169,0
C0602,33,M,Phone,13016,8,42,0
C0603,59,M,Tablet,24510,1,117,0
C0604,20,F,Tablet,27472,3,50,1
C0605,40,M,Laptop,22724,3,164,0
C0606,39,M,Laptop,36613,1,48,0
C0607,45,M,Phone,18380,1,73,0
C0608,63,M,Accessory,13320,2,136,0
C0609,62,M,Phone,12907,6,153,0
C0610,53,F,Phone,26000,2,135,0
C0611,21,F,Laptop,18481,3,106,0
C0612,55,F,Phone,12908,4,8,0
C0613,41,F,Accessory,23530,3,110,0
C0614,36,F,Phone,25673,2,31,0
C0615,28,M,Phone,22170,4,12,0
C0616,57,M,Laptop,27196,3,127,0
C0617,63,F,Laptop,20704,4,57,0
C0618,57,M,Phone,15250,6,140,0
C0619,63,M,Laptop,26491,4,27,1
C0620,56,M,Laptop,12879,5,46,0
C0621,35,F,Tablet,10968,3,135,0
C0622,29,M,Phone,29247,5,61,0
C0623,31,M,Accessory,17217,3,58,0
C0624,64,F,Laptop,33325,2,13,0
C0625,35,F,Phone,26852,3,100,0
C0626,61,M,Phone,16609,3,49,0
C0627,59,M,Laptop,23889,4,35,0
C0628,29,F,Phone,40227,1,94,0
C0629,57,F,Phone,26034,3,95,0
C0630,44,M,Phone,24653,5,145,0
C0631,23,M,Laptop,15242,0,72,0
C0632,41,F,Laptop,34756,1,123,0
C0633,50,M,Phone,30543,1,10,0
C0634,62,F,Laptop,15315,2,162,0
C0635,33,F,Tablet,35043,4,4,1
C0636,29,F,Phone,21318,1,125,0
C0637,48,M,Tablet,13276,0,29,0
C0638,54,M,Laptop,15211,2,46,0
C0639,30,F,Accessory,27021,8,174,0
C0640,25,F,Phone,13331,3,77,0
C0641,55,F,Accessory,11175,4,59,0
C0642,20,F,Laptop,16489,4,66,0
C0643,37,M,Laptop,17683,2,162,0
C0644,21,F,Laptop,14613,2,107,0
C0645,61,F,Phone,16368,2,86,0
C0646,62,F,Accessory,27335,3,133,0
C0647,19,M,Laptop,22052,5,9,0
C0648,53,F,Phone,15874,1,20,0
C0649,40,F,Phone,16577,3,149,0
C0650,62,F,Phone,18946,0,127,0
C0651,36,F,Laptop,19404,4,17,0
C0652,57,F,Laptop,19438,5,12,0
C0653,25,M,Laptop,27041,4,82,0
C0654,33,M,Phone,21576,4,67,0
C0655,60,M,Laptop,21811,2,133,0
C0656,35,F,Laptop,31414,2,53,0
C0657,53,F,Phone,35013,3,176,0
C0658,41,M,Phone,10152,4,147,0
C0659,18,F,Phone,7368,4,145,0
C0660,18,M,Accessory,17204,1,54,0
C0661,63,F,Tablet,26265,2,68,0
C0662,53,M,Accessory,23007,3,35,0
C0663,28,M,Phone,28432,2,88,0
C0664,35,F,Tablet,16861,2,169,0
C0665,33,F,Laptop,4346,3,141,0
C0666,34,M,Laptop,9065,5,161,0
C0667,41,M,Phone,24517,5,15,0
C0668,51,F,Tablet,28494,0,15,0
C0669,21,M,Accessory,4745,2,31,0
C0670,52,F,Phone,31285,4,107,0
C0671,32,M,Phone,23717,3,156,0
C0672,19,F,Laptop,19436,4,10,0
C0673,48,F,Accessory,14985,3,57,0
C0674,26,F,Tablet,32729,4,161,0
C0675,27,M,Phone,27176,7,7,1
C0676,42,F,Laptop,23926,6,133,0
C0677,22,F,Phone,14148,1,125,0
C0678,31,F,Tablet,32913,3,119,0
C0679,59,M,Tablet,20242,4,80,0
C0680,55,F,Laptop,22392,4,124,0
C0681,57,F,Phone,20584,4,57,0
C0682,19,F,Accessory,13875,3,72,0
C0683,35,F,Laptop,22557,5,168,0
C0684,46,F,Accessory,25575,3,28,1
C0685,37,M,Laptop,16467,3,36,0
C0686,25,F,Tablet,21872,6,56,0
C0687,54,F,Tablet,20467,3,175,0
C0688,43,M,Phone,27321,3,116,0
C0689,54,M,Accessory,17608,5,168,0
C0690,21,M,Phone,21812,5,59,0
C0691,50,M,Tablet,23497,3,171,0
C0692,39,F,Accessory,17427,3,123,0
C0693,23,M,Phone,13397,1,66,0
C0694,50,F,Laptop,14699,0,9,0
C0695,45,M,Laptop,23273,3,134,0
C0696,41,M,Tablet,18117,2,119,0
C0697,21,F,Tablet,18011,1,122,0
C0698,19,M,Laptop,24833,4,65,0
C0699,30,M,Tablet,28155,2,131,0
C0700,63,F,Phone,29533,3,165,0
C0701,28,M,Phone,15099,0,127,0
C0702,52,M,Laptop,27381,4,87,0
C0703,56,M,Laptop,36679,3,33,1
C0704,27,F,Phone,21008,4,137,0
C0705,60,F,Laptop,19413,2,53,0
C0706,27,F,Phone,17745,2,92,0
C0707,25,F,Tablet,11489,4,51,0
C0708,22,F,Phone,26738,2,71,0
C0709,40,M,Laptop,19449,2,154,0
C0710,51,F,Laptop,18802,4,144,0
C0711,64,M,Accessory,25498,1,40,0
C0712,49,F,Tablet,26235,3,179,0
C0713,33,M,Tablet,15193,0,39,0
C0714,21,F,Accessory,15384,3,164,0
C0715,45,F,Laptop,15029,1,121,0
C0716,61,M,Phone,36908,2,85,0
C0717,31,M,Tablet,31817,3,173,0
C0718,29,M,Tablet,25656,2,137,0
C0719,38,M,Laptop,16996,1,37,0
C0720,33,F,Tablet,17944,2,87,0
C0721,61,M,Tablet,22907,1,129,0
C0722,19,M,Accessory,37673,6,63,0
C0723,40,F,Accessory,22311,1,43,0
C0724,46,M,Phone,24070,1,156,0
C0725,63,M,Laptop,1000,0,100,0
C0726,60,M,Phone,22060,2,159,0
C0727,26,F,Phone,8849,1,105,0
C0728,24,M,Tablet,16104,3,8,0
C0729,46,F,Phone,20375,1,162,0
C0730,61,M,Laptop,17583,5,49,0
C0731,34,F,Laptop,14912,3,96,0
C0732,26,F,Tablet,14983,3,123,0
C0733,23,M,Phone,18311,0,47,0
C0734,61,M,Phone,17962,3,25,0
C0735,37,M,Laptop,20162,1,131,0
C0736,27,M,Phone,19564,5,173,0
C0737,26,M,Accessory,30231,2,114,0
C0738,29,M,Tablet,3603,2,99,0
C0739,50,F,Laptop,21959,3,96,0
C0740,49,F,Tablet,20568,7,34,0
C0741,51,M,Phone,18926,2,109,0
C0742,36,F,Tablet,14353,2,92,0
C0743,50,M,Phone,18802,4,8,0
C0744,33,M,Tablet,6931,4,155,0
C0745,40,F,Laptop,21653,2,63,0
C0746,43,M,Phone,23104,1,82,0
C0747,62,F,Phone,14367,3,25,0
C0748,61,M,Laptop,35525,3,176,0
C0749,58,F,Tablet,19036,6,129,0
C0750,54,M,Phone,20352,0,8,0
C0751,26,F,Laptop,30686,2,124,0
C0752,47,F,Tablet,37136,1,149,0
C0753,30,M,Laptop,11013,2,98,0
C0754,59,M,Tablet,15382,5,101,0
C0755,33,F,Phone,19178,1,111,0
C0756,63,M,Laptop,14057,4,157,0
C0757,19,M,Accessory,26768,6,158,0
C0758,48,M,Laptop,13176,2,3,0
C0759,60,M,Laptop,30132,2,135,0
C0760,36,M,Tablet,24989,4,100,0
C0761,28,M,Phone,29312,1,11,0
C0762,31,F,Tablet,13211,3,160,0
C0763,64,F,Accessory,16932,2,59,0
C0764,42,M,Phone,27183,7,140,0
C0765,24,F,Tablet,25732,1,79,0
C0766,32,M,Phone,17705,3,38,0
C0767,47,F,Laptop,18843,3,122,0
C0768,48,M,Tablet,16525,5,152,0
C0769,41,M,Tablet,18628,5,65,0
C0770,42,M,Tablet,12277,3,146,0
C0771,25,F,Accessory,10934,4,46,0
C0772,47,M,Laptop,28043,2,125,0
C0773,53,M,Laptop,18356,4,56,0
C0774,31,F,Phone,29210,2,7,0
C0775,46,F,Phone,24767,4,105,0
C0776,44,M,Laptop,22496,0,40,0
C0777,53,F,Tablet,14318,3,159,0
C0778,51,F,Laptop,10313,3,97,0
C0779,38,M,Tablet,16344,3,52,0
C0780,55,M,Tablet,32255,1,31,0
C0781,28,M,Phone,27111,4,162,0
C0782,50,M,Laptop,15596,0,7,0
C0783,32,F,Laptop,16435,4,144,0
C0784,29,M,Laptop,12567,2,150,0
C0785,41,M,Tablet,7623,6,91,0
C0786,54,M,Laptop,20812,2,17,0
C0787,28,F,Tablet,33800,4,125,0
C0788,36,M,Tablet,33901,3,4,1
C0789,18,M,Laptop,24863,6,122,0
C0790,34,M,Tablet,15178,3,99,0
C0791,57,F,Phone,8404,2,163,0
C0792,33,M,Phone,28376,2,172,0
C0793,43,M,Phone,23577,3,143,0
C0794,60,M,Laptop,17470,2,61,0
C0795,60,M,Phone,16133,2,172,0
C0796,32,F,Accessory,24803,4,21,0
C0797,25,F,Laptop,13387,3,77,0
C0798,47,M,Laptop,21913,7,47,0
C0799,31,F,Phone,10241,6,75,0
C0800,50,F,Phone,37828,4,49,1
C0801,59,M,Phone,14503,4,27,0
C0802,24,M,Laptop,25187,3,31,1
C0803,35,F,Laptop,10415,3,172,0
C0804,29,M,Laptop,18693,5,32,0
C0805,19,M,Laptop,27076,1,158,0
C0806,46,M,Tablet,28807,5,18,1
C0807,38,M,Phone,26106,2,125,0
C0808,24,F,Tablet,18894,8,63,0
C0809,44,M,Laptop,14672,5,128,0
C0810,29,F,Laptop,11378,3,16,0
C0811,37,M,Phone,32030,3,163,0
C0812,31,M,Laptop,20826,2,137,0
C0813,27,F,Phone,22305,2,62,0
C0814,58,F,Accessory,29322,2,39,0
C0815,40,F,Laptop,24693,6,179,0
C0816,47,F,Accessory,18980,0,115,0
C0817,64,M,Laptop,25955,1,138,0
C0818,48,M,Phone,15019,3,140,0
C0819,27,F,Laptop,7590,6,72,0
C0820,36,M,Phone,31294,3,62,0
C0821,36,M,Accessory,15686,4,131,0
C0822,61,M,Tablet,17565,1,83,0
C0823,40,F,Tablet,18271,4,123,0
C0824,61,F,Laptop,15182,2,139,0
C0825,58,F,Laptop,28810,5,136,0
C0826,49,F,Accessory,22995,3,109,0
C0827,37,F,Phone,17569,2,122,0
C0828,21,F,Tablet,9794,5,151,0
C0829,50,F,Laptop,22430,1,119,0
C0830,18,M,Accessory,1000,3,138,0
C0831,30,M,Tablet,21861,1,18,0
C0832,20,F,Accessory,30745,4,76,0
C0833,29,M,Laptop,20516,2,167,0
C0834,46,M,Phone,29650,3,154,0
C0835,48,F,Laptop,10166,3,11,0
C0836,58,M,Tablet,36308,2,138,0
C0837,53,M,Tablet,28778,4,131,0
C0838,19,F,Phone,23807,1,62,0
C0839,39,F,Laptop,15212,3,71,0
C0840,39,M,Phone,13883,3,61,0
C0841,58,F,Tablet,19432,2,132,0
C0842,48,F,Phone,29622,5,61,0
C0843,62,M,Laptop,9475,4,136,0
C0844,31,F,Phone,20083,2,102,0
C0845,46,M,Phone,25873,6,13,1
C0846,52,F,Accessory,27434,5,12,1
C0847,26,M,Phone,25849,1,35,0
C0848,64,F,Phone,8659,2,51,0
C0849,49,M,Phone,29054,1,43,0
C0850,44,F,Laptop,20537,2,111,0
C0851,27,M,Laptop,11315,4,66,0
C0852,42,F,Phone,19806,3,15,0
C0853,62,M,Laptop,4330,3,177,0
C0854,50,F,Phone,24626,6,162,0
C0855,28,M,Tablet,18978,1,39,0
C0856,54,M,Tablet,9839,2,26,0
C0857,26,F,Accessory,17679,7,112,0
C0858,24,F,Accessory,14340,0,176,0
C0859,24,M,Phone,14851,2,51,0
C0860,51,F,Phone,1911,2,111,0
C0861,36,M,Tablet,6622,6,132,0
C0862,37,M,Phone,18162,2,98,0
C0863,59,M,Phone,16785,3,155,0
C0864,42,M,Phone,27791,4,119,0
C0865,22,M,Laptop,14945,3,170,0
C0866,46,M,Laptop,15784,3,56,0
C0867,44,F,Phone,16158,2,69,0
C0868,42,M,Phone,18423,0,146,0
C0869,54,M,Tablet,20731,2,4,0
C0870,32,M,Phone,16749,6,129,0
C0871,21,M,Accessory,24569,4,50,0
C0872,31,M,Phone,38401,4,84,0
C0873,34,F,Laptop,13396,3,70,0
C0874,38,F,Laptop,23134,4,148,0
C0875,33,M,Phone,20236,1,20,0
C0876,43,M,Laptop,28376,3,174,0
C0877,26,M,Laptop,21623,1,27,0
C0878,19,F,Tablet,14188,3,26,0
C0879,60,F,Tablet,10679,0,160,0
C0880,32,M,Phone,24883,3,10,0
C0881,52,F,Phone,11329,0,82,0
C0882,41,M,Phone,29469,4,105,0
C0883,55,M,Phone,24425,1,140,0
C0884,31,F,Laptop,20693,2,88,0
C0885,54,F,Accessory,9501,3,24,0
C0886,54,F,Laptop,25402,2,117,0
C0887,23,F,Tablet,32934,7,179,0
C0888,35,F,Laptop,16599,5,166,0
C0889,39,M,Tablet,14064,1,46,0
C0890,35,F,Phone,19263,1,136,0
C0891,19,M,Tablet,23735,3,55,0
C0892,49,F,Tablet,15750,3,78,0
C0893,34,M,Phone,27193,3,159,0
C0894,18,F,Phone,35285,4,88,0
C0895,26,F,Accessory,22641,2,16,0
C0896,30,M,Tablet,17400,2,148,0
C0897,53,F,Phone,23520,4,38,0
C0898,54,M,Laptop,29418,1,111,0
C0899,47,F,Laptop,21277,3,15,0
C0900,48,M,Laptop,23880,5,78,0
C0901,40,M,Phone,25638,4,76,0
C0902,45,F,Phone,12996,5,162,0
C0903,27,F,Laptop,23672,3,72,0
C0904,42,F,Tablet,9264,1,19,0
C0905,53,F,Tablet,14732,6,120,0
C0906,43,F,Phone,29165,6,63,0
C0907,43,M,Tablet,26968,5,105,0
C0908,62,F,Phone,17838,3,32,0
C0909,30,F,Laptop,33646,4,110,0
C0910,34,M,Accessory,9518,2,165,0
C0911,57,M,Laptop,18359,2,7,0
C0912,21,F,Phone,22200,1,176,0
C0913,40,M,Phone,1000,3,139,0
C0914,52,F,Laptop,18738,3,87,0
C0915,28,M,Tablet,11004,4,31,0
C0916,29,M,Accessory,11186,6,172,0
C0917,26,M,Tablet,17822,4,45,0
C0918,32,F,Tablet,5394,4,56,0
C0919,62,M,Tablet,13536,5,160,0
C0920,54,F,Tablet,5581,2,149,0
C0921,22,F,Phone,20990,5,31,0
C0922,36,F,Accessory,20834,1,1,0
C0923,28,M,Phone,17211,2,139,0
C0924,26,F,Accessory,27971,5,93,0
C0925,52,M,Phone,17630,2,68,0
C0926,44,M,Tablet,19815,4,36,0
C0927,30,F,Tablet,12751,4,79,0
C0928,29,F,Accessory,1573,4,67,0
C0929,26,F,Tablet,18837,4,51,0
C0930,59,F,Phone,17792,1,157,0
C0931,45,F,Laptop,33679,4,130,0
C0932,30,M,Phone,25339,3,6,1
C0933,37,M,Phone,16695,4,159,0
C0934,30,F,Phone,21133,1,54,0
C0935,44,F,Phone,27256,2,88,0
C0936,43,F,Laptop,24134,1,168,0
C0937,46,M,Accessory,33351,2,145,0
C0938,46,M,Accessory,13684,4,5,0
C0939,39,F,Phone,27800,3,2,1
C0940,26,F,Phone,16617,5,58,0
C0941,41,M,Phone,21548,3,12,0
C0942,59,M,Phone,15538,4,5,0
C0943,36,F,Phone,18863,2,106,0
C0944,55,F,Phone,21692,5,169,0
C0945,48,M,Laptop,24746,2,148,0
C0946,56,M,Laptop,20490,2,129,0
C0947,32,M,Laptop,1000,2,56,0
C0948,49,M,Phone,19384,2,70,0
C0949,63,M,Tablet,31763,5,56,1
C0950,63,F,Tablet,19321,3,54,0
C0951,46,F,Phone,31987,2,139,0
C0952,51,M,Phone,19038,6,3,0
C0953,26,M,Phone,7424,0,95,0
C0954,52,M,Phone,16536,1,28,0
C0955,23,M,Laptop,15532,6,111,0
C0956,54,F,Phone,18163,7,107,0
C0957,31,F,Laptop,10517,5,120,0
C0958,64,F,Phone,19929,5,133,0
C0959,26,F,Tablet,17373,3,124,0
C0960,36,M,Phone,30302,3,90,0
C0961,40,M,Laptop,10318,2,16,0
C0962,58,F,Phone,21965,2,31,0
C0963,45,M,Phone,23288,1,28,0
C0964,33,F,Tablet,26199,1,135,0
C0965,43,M,Laptop,17091,2,137,0
C0966,55,M,Phone,21766,4,39,0
C0967,57,F,Laptop,22826,5,171,0
C0968,42,M,Laptop,6813,2,27,0
C0969,52,M,Laptop,17378,3,76,0
C0970,22,M,Laptop,19738,3,117,0
C0971,24,F,Tablet,20676,4,89,0
C0972,40,M,Phone,20578,8,107,0
C0973,42,M,Phone,23500,4,122,0
C0974,18,M,Phone,35500,4,126,0
C0975,39,F,Tablet,15236,2,98,0
C0976,21,M,Accessory,23049,3,33,0
C0977,45,M,Tablet,30410,2,91,0
C0978,31,F,Tablet,5610,0,120,0
C0979,50,M,Accessory,22145,3,2,0
C0980,21,M,Laptop,6556,2,142,0
C0981,59,M,Tablet,37484,3,13,1
C0982,28,F,Accessory,24176,1,24,0
C0983,56,M,Phone,23096,3,69,0
C0984,49,M,Laptop,5013,0,34,0
C0985,21,F,Tablet,15964,2,87,0
C0986,18,F,Accessory,16001,3,19,0
C0987,43,M,Tablet,34131,3,30,1
C0988,50,M,Tablet,25833,0,49,0
C0989,34,M,Accessory,6776,5,171,0
C0990,44,F,Laptop,23756,2,144,0
C0991,59,M,Phone,7976,5,114,0
C0992,22,F,Phone,6965,3,116,0
C0993,24,M,Laptop,23627,3,177,0
C0994,42,F,Laptop,25958,3,139,0
C0995,25,F,Laptop,23670,2,78,0
C0996,51,F,Laptop,35036,5,175,0
C0997,58,M,Accessory,22950,2,35,0
C0998,21,F,Phone,21360,2,71,0
C0999,29,F,Tablet,10271,2,157,0
C1000,48,M,Accessory,26860,3,108,0
C1001,28,F,Laptop,6788,2,54,0
C1002,54,F,Laptop,36162,2,23,0
C1003,61,M,Tablet,26966,2,152,0
C1004,53,F,Tablet,42318,1,10,0
C1005,62,M,Phone,23114,3,61,0
C1006,39,M,Phone,27361,0,136,0
C1007,18,M,Phone,17782,1,48,0
C1008,21,F,Phone,19653,6,112,0
C1009,53,M,Phone,11587,1,126,0
C1010,25,F,Phone,8418,5,157,0
C1011,42,F,Laptop,21515,2,87,0
C1012,45,F,Accessory,19606,5,26,0
C1013,55,F,Laptop,11392,3,165,0
C1014,53,M,Accessory,12810,0,52,0
C1015,53,M,Tablet,20259,1,166,0
C1016,60,F,Tablet,11255,3,6,0
C1017,58,F,Laptop,22853,0,8,0
C1018,63,M,Phone,11503,1,17,0
C1019,21,M,Tablet,22046,0,76,0
C1020,30,M,Accessory,10794,4,34,0
C1021,55,F,Laptop,10827,1,147,0
C1022,62,M,Phone,1102,0,70,0
C1023,42,M,Tablet,18717,2,82,0
C1024,20,M,Phone,31632,4,118,0
C1025,49,F,Phone,31178,4,165,0
C1026,56,M,Tablet,22592,4,38,0
C1027,18,M,Laptop,3991,1,143,0
C1028,28,M,Laptop,26751,3,102,0
C1029,19,F,Accessory,21805,2,40,0
C1030,22,F,Laptop,16747,1,137,0
C1031,39,M,Laptop,29658,0,53,0
C1032,63,F,Phone,24923,4,118,0
C1033,30,F,Phone,35692,2,66,0
C1034,40,M,Tablet,8754,2,80,0
C1035,64,F,Laptop,9380,1,52,0
C1036,48,M,Phone,10728,3,129,0
C1037,52,F,Phone,17719,4,158,0
C1038,55,F,Laptop,32705,6,124,0
C1039,58,M,Laptop,15011,2,112,0
C1040,52,M,Laptop,15182,2,1,0
C1041,62,M,Laptop,23338,3,167,0
C1042,30,F,Phone,26745,2,16,0
C1043,24,F,Laptop,2105,1,145,0
C1044,22,F,Accessory,28317,1,112,0
C1045,46,F,Phone,14758,2,112,0
C1046,25,M,Laptop,19180,3,102,0
C1047,25,M,Laptop,31346,6,82,0
C1048,24,M,Tablet,18268,1,150,0
C1049,36,M,Phone,7745,1,99,0
C1050,56,M,Accessory,8208,2,159,0
C1051,40,F,Laptop,19767,3,40,0
C1052,53,F,Tablet,17325,1,155,0
C1053,59,M,Phone,20475,3,36,0
C1054,49,F,Tablet,16789,7,125,0
C1055,62,F,Tablet,29931,0,4,0
C1056,21,F,Phone,20198,1,118,0
C1057,47,M,Phone,5896,4,25,0
C1058,59,F,Laptop,26532,3,95,0
C1059,56,M,Phone,35250,4,78,0
C1060,22,F,Tablet,21239,1,158,0
C1061,20,F,Phone,21860,3,175,0
C1062,39,M,Phone,13760,4,12,0
C1063,45,M,Laptop,18060,4,27,0
C1064,39,M,Phone,24022,3,173,0
C1065,39,M,Accessory,29054,3,63,0
C1066,51,F,Tablet,23568,3,55,0
C1067,46,M,Laptop,34544,2,158,0
C1068,60,M,Tablet,20787,2,82,0
C1069,59,F,Tablet,11026,4,14,0
C1070,30,F,Phone,11255,3,56,0
C1071,24,F,Tablet,29875,2,147,0
C1072,27,M,Phone,28056,2,86,0
C1073,45,M,Laptop,6843,4,26,0
C1074,21,F,Laptop,18323,1,92,0
C1075,49,F,Tablet,18614,6,166,0
C1076,39,F,Phone,13987,3,36,0
C1077,37,M,Phone,8717,2,146,0
C1078,37,F,Laptop,13811,3,78,0
C1079,23,M,Phone,12373,5,112,0
C1080,26,M,Tablet,8908,3,23,0
C1081,45,F,Laptop,26632,2,119,0
C1082,30,M,Phone,22263,0,116,0
C1083,48,M,Phone,16287,4,142,0
C1084,56,M,Laptop,3435,4,22,0
C1085,31,M,Laptop,17607,3,28,0
C1086,39,M,Phone,24168,6,43,0
C1087,54,M,Phone,14111,3,76,0
C1088,62,F,Phone,10800,1,18,0
C1089,41,M,Phone,19015,1,100,0
C1090,25,F,Laptop,22680,4,124,0
C1091,32,M,Tablet,4000,3,109,0
C1092,58,F,Laptop,30832,1,36,0
C1093,23,F,Tablet,10006,1,125,0
C1094,40,F,Phone,16617,1,7,0
C1095,42,M,Laptop,29450,2,23,0
C1096,48,M,Laptop,21002,3,162,0
C1097,63,M,Laptop,28768,1,117,0
C1098,46,M,Laptop,32429,2,114,0
C1099,40,M,Tablet,8322,2,96,0
C1100,27,M,Laptop,27216,4,21,1
C1101,26,F,Phone,30603,2,70,0
C1102,30,M,Laptop,16993,3,175,0
C1103,49,M,Tablet,17630,3,53,0
C1104,62,M,Accessory,4695,2,84,0
C1105,58,F,Laptop,26248,3,106,0
C1106,18,F,Laptop,1000,2,41,0
C1107,18,F,Laptop,27750,2,160,0
C1108,54,F,Tablet,8658,1,128,0
C1109,57,M,Accessory,31125,5,142,0
C1110,35,M,Tablet,23170,8,88,0
C1111,53,F,Laptop,28071,4,103,0
C1112,48,F,Phone,13497,1,107,0
C1113,18,M,Tablet,9332,5,17,0
C1114,64,F,Tablet,5891,4,25,0
C1115,53,F,Tablet,28729,1,64,0
C1116,26,F,Phone,25303,5,86,0
C1117,39,F,Laptop,25587,1,119,0
C1118,45,M,Phone,22331,3,176,0
C1119,43,F,Tablet,24350,3,35,0
C1120,27,M,Phone,17666,5,37,0
C1121,64,F,Laptop,22962,2,55,0
C1122,20,F,Phone,13145,1,145,0
C1123,19,M,Phone,17258,1,156,0
C1124,54,M,Laptop,44346,0,129,0
C1125,48,F,Phone,20311,5,53,0
C1126,50,F,Laptop,4227,5,73,0
C1127,49,F,Accessory,16731,2,113,0
C1128,60,M,Accessory,11539,3,13,0
C1129,29,F,Phone,21273,3,47,0
C1130,20,F,Tablet,12885,1,160,0
C1131,43,M,Phone,18305,2,28,0
C1132,31,F,Accessory,14081,3,53,0
C1133,29,F,Tablet,21577,7,31,0
C1134,43,F,Phone,14980,4,8,0
C1135,33,M,Laptop,22855,2,72,0
C1136,25,F,Phone,35588,2,124,0
C1137,45,F,Tablet,10764,1,98,0
C1138,24,F,Laptop,25790,2,87,0
C1139,32,F,Laptop,1000,4,74,0
C1140,58,M,Laptop,18137,1,101,0
C1141,53,F,Accessory,21831,7,25,0
C1142,25,F,Accessory,14015,1,115,0
C1143,27,F,Laptop,5700,4,33,0
C1144,32,F,Tablet,19695,2,135,0
C1145,35,M,Tablet,32256,1,97,0
C1146,63,F,Tablet,18828,7,112,0
C1147,54,F,Phone,24468,5,174,0
C1148,58,M,Phone,29015,4,96,0
C1149,62,F,Phone,39771,4,5,1
C1150,60,M,Laptop,11581,3,121,0
C1151,61,F,Phone,12407,5,110,0
C1152,52,M,Laptop,17662,2,17,0
C1153,19,M,Laptop,24923,3,76,0
C1154,39,F,Laptop,1434,5,52,0
C1155,32,M,Laptop,25230,5,140,0
C1156,54,M,Phone,21186,3,62,0
C1157,56,F,Tablet,15728,2,163,0
C1158,53,F,Accessory,23404,0,21,0
C1159,22,F,Laptop,27117,3,85,0
C1160,32,F,Tablet,28224,2,21,0
C1161,44,F,Phone,20118,0,143,0
C1162,33,F,Tablet,22608,1,151,0
C1163,53,F,Phone,22306,1,128,0
C1164,55,F,Laptop,29849,2,159,0
C1165,35,F,Phone,23049,3,54,0
C1166,52,M,Laptop,25161,1,26,0
C1167,42,M,Phone,27141,2,53,0
C1168,39,M,Laptop,35668,5,66,0
C1169,48,M,Phone,15313,6,167,0
C1170,54,M,Tablet,33005,5,7,1
C1171,51,M,Laptop,39768,6,167,0
C1172,40,M,Phone,15823,1,32,0
C1173,33,F,Phone,18265,1,154,0
C1174,23,M,Tablet,16572,7,87,0
C1175,32,M,Phone,25255,2,157,0
C1176,35,M,Laptop,5106,2,153,0
C1177,55,M,Laptop,16004,3,159,0
C1178,30,M,Phone,17810,4,2,0
C1179,41,F,Phone,17111,4,175,0
C1180,30,M,Laptop,17030,2,75,0
C1181,18,M,Phone,16085,1,29,0
C1182,53,F,Phone,26219,3,127,0
C1183,35,M,Phone,24305,2,49,0
C1184,50,F,Phone,33627,4,32,1
C1185,55,F,Phone,26239,5,158,0
C1186,60,F,Accessory,11219,1,15,0
C1187,23,M,Laptop,18639,7,62,0
C1188,34,M,Tablet,17790,3,78,0
C1189,21,F,Phone,22041,1,17,0
C1190,31,M,Phone,28745,8,22,1
C1191,47,M,Tablet,21486,2,158,0
C1192,63,F,Laptop,21507,3,81,0
C1193,37,F,Phone,20080,3,144,0
C1194,25,M,Laptop,26484,6,8,1
C1195,19,F,Laptop,15448,2,167,0
C1196,54,F,Tablet,8343,4,31,0
C1197,21,M,Phone,25156,1,12,0
C1198,27,M,Laptop,23001,4,33,0
C1199,37,F,Tablet,30587,2,12,0
C1200,52,M,Accessory,1000,3,25,0
C1201,27,M,Tablet,19197,7,166,0
C1202,45,M,Phone,20853,4,48,0
C1203,32,M,Tablet,7912,4,83,0
C1204,53,M,Tablet,19307,5,55,0
C1205,18,M,Tablet,29495,0,131,0
C1206,39,F,Tablet,36688,3,125,0
C1207,44,F,Accessory,27859,1,69,0
C1208,46,F,Phone,17404,5,163,0
C1209,32,F,Phone,30092,1,51,0
C1210,27,F,Tablet,27291,4,27,1
C1211,37,M,Phone,16124,4,165,0
C1212,39,M,Phone,15345,1,144,0
C1213,26,F,Laptop,18651,7,25,0
C1214,49,M,Tablet,11593,4,33,0
C1215,34,F,Phone,17513,1,62,0
C1216,59,M,Laptop,23894,1,145,0
C1217,36,F,Phone,28308,1,171,0
C1218,57,M,Phone,16969,5,30,0
C1219,44,F,Phone,31107,3,41,1
C1220,54,M,Phone,25200,1,117,0
C1221,51,F,Tablet,25565,4,4,1
C1222,64,M,Tablet,12647,7,66,0
C1223,27,M,Tablet,34462,1,60,0
C1224,47,F,Phone,24426,3,137,0
C1225,38,F,Laptop,17338,2,31,0
C1226,38,F,Phone,15927,1,89,0
C1227,51,F,Phone,17516,3,100,0
C1228,26,F,Laptop,11853,2,119,0
C1229,51,F,Tablet,27906,4,69,0
C1230,29,F,Phone,12672,1,152,0
C1231,64,F,Phone,22318,3,24,0
C1232,38,M,Accessory,16400,1,173,0
C1233,37,M,Laptop,25366,1,165,0
C1234,23,M,Accessory,26453,3,23,1
C1235,62,M,Accessory,14848,2,163,0
C1236,53,F,Laptop,19729,7,63,0
C1237,29,M,Phone,8452,6,118,0
C1238,58,M,Tablet,33604,1,114,0
C1239,48,F,Phone,28544,2,6,0
C1240,19,M,Phone,8835,2,6,0
C1241,33,F,Tablet,13064,2,30,0
C1242,18,M,Laptop,18921,1,1,0
C1243,21,M,Phone,20310,2,63,0
C1244,64,F,Laptop,14511,2,136,0
C1245,18,F,Tablet,10840,2,28,0
C1246,64,M,Phone,23160,2,89,0
C1247,52,M,Phone,33915,2,161,0
C1248,30,M,Phone,20437,0,53,0
C1249,62,F,Phone,17666,1,38,0
C1250,59,F,Tablet,16825,4,52,0
C1251,48,F,Tablet,11226,3,78,0
C1252,37,F,Laptop,14624,3,139,0
C1253,24,F,Phone,29088,5,130,0
C1254,57,F,Phone,3433,4,53,0
C1255,50,M,Phone,20560,0,94,0
C1256,45,F,Phone,20223,3,94,0
C1257,61,F,Phone,20947,2,7,0
C1258,61,M,Laptop,25819,3,67,0
C1259,37,M,Phone,20489,6,137,0
C1260,49,F,Tablet,16368,2,116,0
C1261,26,F,Tablet,14747,4,139,0
C1262,51,F,Laptop,30386,5,37,1
C1263,31,F,Phone,28328,6,142,0
C1264,21,M,Tablet,43021,2,147,0
C1265,46,M,Accessory,17752,3,8,0
C1266,32,M,Phone,14894,1,135,0
C1267,34,F,Tablet,23625,5,59,0
C1268,36,M,Tablet,23432,6,123,0
C1269,55,F,Laptop,25090,4,7,1
C1270,26,M,Phone,26777,3,120,0
C1271,44,F,Laptop,25013,4,3,1
C1272,32,F,Laptop,28600,8,67,0
C1273,54,M,Laptop,29664,2,18,0
C1274,45,M,Accessory,29806,5,45,1
C1275,21,F,Tablet,1909,2,97,0
C1276,38,M,Phone,21859,4,92,0
C1277,51,F,Laptop,12614,4,164,0
C1278,36,F,Laptop,28443,2,144,0
C1279,54,M,Phone,1741,3,79,0
C1280,21,M,Phone,31753,5,157,0
C1281,54,F,Accessory,13082,2,59,0
C1282,49,F,Laptop,11249,3,146,0
C1283,62,F,Phone,22849,1,177,0
C1284,29,F,Phone,17013,5,174,0
C1285,58,F,Laptop,34235,1,83,0
C1286,33,F,Laptop,30904,3,157,0
C1287,31,M,Phone,15913,2,109,0
C1288,18,M,Laptop,28339,5,178,0
C1289,49,M,Phone,15637,6,55,0
C1290,38,F,Phone,15568,1,155,0
C1291,21,F,Laptop,25713,6,135,0
C1292,26,M,Phone,31646,2,91,0
C1293,63,M,Tablet,16471,4,83,0
C1294,39,M,Phone,17080,2,126,0
C1295,29,F,Laptop,22409,4,81,0
C1296,47,F,Phone,12848,2,169,0
C1297,47,F,Phone,32523,2,139,0
C1298,49,M,Tablet,12771,3,5,0
C1299,53,M,Laptop,14934,3,66,0
C1300,24,M,Tablet,34137,4,111,0
C1301,34,F,Laptop,21716,1,12,0
C1302,18,M,Laptop,35548,1,170,0
C1303,31,M,Tablet,18245,2,106,0
C1304,64,F,Laptop,40156,1,75,0
C1305,61,F,Laptop,24925,3,138,0
C1306,61,M,Tablet,13980,2,28,0
C1307,55,F,Accessory,13857,2,7,0
C1308,43,M,Phone,8342,2,142,0
C1309,44,F,Laptop,9217,0,77,0
C1310,62,F,Phone,14723,4,61,0
C1311,33,F,Phone,12067,5,51,0
C1312,63,F,Laptop,1000,5,170,0
C1313,24,F,Tablet,26732,5,136,0
C1314,49,F,Laptop,26202,3,178,0
C1315,42,M,Tablet,22467,2,129,0
C1316,48,M,Phone,10920,3,11,0
C1317,33,M,Laptop,33174,3,107,0
C1318,58,F,Accessory,18574,5,48,0
C1319,31,F,Phone,13334,1,138,0
C1320,42,M,Phone,21860,1,143,0
C1321,47,M,Laptop,21401,3,103,0
C1322,24,M,Tablet,1000,0,47,0
C1323,29,F,Laptop,19752,2,153,0
C1324,20,M,Laptop,20964,2,112,0
C1325,44,M,Laptop,16970,1,6,0
C1326,63,M,Phone,9428,5,11,0
C1327,36,M,Tablet,9664,1,17,0
C1328,60,F,Phone,24112,4,143,0
C1329,54,M,Phone,26092,1,16,0
C1330,62,M,Laptop,16415,5,56,0
C1331,59,F,Tablet,23058,3,66,0
C1332,24,F,Tablet,16336,3,164,0
C1333,33,F,Tablet,13174,1,83,0
C1334,49,F,Phone,21715,4,166,0
C1335,25,F,Phone,10807,4,75,0
C1336,30,M,Phone,35150,5,127,0
C1337,28,M,Tablet,8499,0,131,0
C1338,37,M,Tablet,22270,4,18,0
C1339,35,F,Accessory,21201,1,89,0
C1340,54,M,Phone,20491,4,94,0
C1341,23,F,Laptop,31867,4,17,1
C1342,37,F,Laptop,1000,1,114,0
C1343,49,M,Tablet,23293,3,107,0
C1344,63,F,Laptop,17812,1,99,0
C1345,61,M,Tablet,24671,2,13,0
C1346,46,F,Phone,20437,3,63,0
C1347,21,M,Phone,19399,1,14,0
C1348,24,F,Phone,10341,2,164,0
C1349,60,F,Phone,14614,1,18,0
C1350,37,F,Phone,45052,2,133,0
C1351,51,M,Phone,24744,5,14,0
C1352,53,F,Phone,28420,0,25,0
C1353,24,M,Laptop,17184,3,44,0
C1354,50,F,Tablet,13155,2,121,0
C1355,32,M,Tablet,26211,2,39,0
C1356,49,F,Phone,4770,3,140,0
C1357,39,M,Phone,14794,2,104,0
C1358,57,F,Phone,17163,3,62,0
C1359,46,F,Accessory,27559,0,53,0
C1360,42,F,Laptop,23309,1,53,0
C1361,22,M,Phone,16216,7,156,0
C1362,31,F,Tablet,22951,2,163,0
C1363,52,F,Phone,17574,3,118,0
C1364,19,F,Tablet,28560,1,65,0
C1365,42,M,Phone,21889,1,131,0
C1366,33,F,Phone,33891,3,43,1
C1367,63,M,Laptop,17777,5,50,0
C1368,33,M,Tablet,29803,1,137,0
C1369,28,F,Tablet,20723,0,36,0
C1370,52,F,Laptop,14422,3,23,0
C1371,40,M,Phone,40812,6,74,0
C1372,22,M,Laptop,30477,5,50,1
C1373,52,F,Accessory,21874,4,55,0
C1374,46,M,Laptop,26127,3,125,0
C1375,64,M,Tablet,11343,7,12,0
C1376,22,F,Laptop,11625,2,83,0
C1377,20,F,Laptop,28912,4,32,1
C1378,23,M,Laptop,20038,2,152,0
C1379,40,M,Tablet,18753,4,86,0
C1380,63,F,Tablet,17696,4,155,0
C1381,19,M,Laptop,21216,3,19,0
C1382,35,M,Laptop,17966,6,51,0
C1383,47,F,Phone,3742,2,64,0
C1384,55,M,Phone,31327,7,130,0
C1385,22,M,Accessory,19115,0,164,0
C1386,63,M,Phone,34652,0,128,0
C1387,28,M,Tablet,5902,4,139,0
C1388,18,F,Tablet,5871,6,64,0
C1389,27,M,Tablet,17796,5,1,0
C1390,58,M,Accessory,27820,1,89,0
C1391,61,F,Laptop,10242,2,26,0
C1392,43,M,Tablet,9932,3,139,0
C1393,50,M,Phone,22975,6,87,0
C1394,44,F,Laptop,17497,5,2,0
C1395,29,M,Tablet,24352,3,93,0
C1396,19,M,Phone,17640,4,168,0
C1397,18,M,Tablet,23081,4,119,0
C1398,18,M,Tablet,30929,2,132,0
C1399,50,M,Tablet,10259,1,80,0
C1400,39,M,Phone,29478,5,111,0
C1401,29,M,Laptop,6366,1,165,0
C1402,56,F,Phone,24874,2,126,0
C1403,53,F,Tablet,31354,4,5,1
C1404,38,F,Laptop,15807,1,143,0
C1405,37,M,Laptop,25156,5,26,1
C1406,53,F,Laptop,16103,3,6,0
C1407,43,F,Phone,24683,4,123,0
C1408,64,F,Phone,1932,2,44,0
C1409,48,F,Phone,21297,3,58,0
C1410,18,M,Laptop,23163,2,81,0
C1411,55,M,Tablet,30757,2,46,0
C1412,31,M,Phone,27402,5,102,0
C1413,43,F,Phone,18710,1,170,0
C1414,63,M,Laptop,22144,2,48,0
C1415,59,F,Tablet,8431,4,114,0
C1416,24,M,Phone,33152,3,155,0
C1417,29,M,Phone,25529,1,20,0
C1418,41,F,Phone,5112,2,115,0
C1419,36,F,Phone,21967,2,163,0
C1420,26,M,Phone,22578,0,76,0
C1421,52,M,Phone,13808,3,176,0
C1422,21,M,Tablet,20774,5,121,0
C1423,62,F,Laptop,13004,3,109,0
C1424,59,F,Phone,8763,6,68,0
C1425,49,F,Laptop,15093,2,132,0
C1426,63,F,Laptop,21372,2,167,0
C1427,23,M,Accessory,27426,0,149,0
C1428,45,F,Phone,20558,4,66,0
C1429,45,F,Tablet,27504,3,144,0
C1430,57,F,Tablet,25189,5,135,0
C1431,46,M,Phone,11716,3,83,0
C1432,59,M,Accessory,25128,1,9,0
C1433,22,F,Laptop,25349,3,17,1
C1434,22,F,Laptop,33934,3,113,0
C1435,54,M,Phone,23285,5,140,0
C1436,58,M,Phone,10122,2,173,0
C1437,45,F,Laptop,15567,6,120,0
C1438,58,M,Phone,5179,6,11,0
C1439,64,F,Laptop,24083,5,141,0
C1440,26,M,Phone,33231,2,159,0
C1441,46,F,Laptop,1000,2,26,0
C1442,31,F,Laptop,33569,4,63,0
C1443,55,F,Phone,23977,0,159,0
C1444,57,F,Laptop,11387,3,22,0
C1445,51,M,Laptop,22053,1,134,0
C1446,54,M,Phone,11645,3,148,0
C1447,59,F,Phone,23523,4,10,0
C1448,31,M,Phone,20506,3,83,0
C1449,35,F,Phone,22634,1,163,0
C1450,50,M,Accessory,12648,2,26,0
C1451,51,F,Laptop,13813,2,71,0
C1452,45,M,Phone,24014,2,37,0
C1453,53,M,Phone,15978,1,136,0
C1454,62,M,Phone,21192,2,133,0
C1455,54,M,Laptop,23623,1,172,0
C1456,40,F,Phone,18221,2,126,0
C1457,59,F,Laptop,29240,1,115,0
C1458,34,M,Phone,18515,4,92,0
C1459,28,M,Tablet,18275,0,117,0
C1460,49,M,Phone,14946,5,49,0
C1461,54,M,Laptop,28319,1,36,0
C1462,32,F,Tablet,14342,4,26,0
C1463,21,M,Laptop,30035,3,45,1
C1464,56,M,Tablet,21304,1,61,0
C1465,47,M,Laptop,41456,4,172,0
C1466,27,M,Laptop,14716,3,132,0
C1467,40,M,Laptop,30201,1,76,0
C1468,41,M,Accessory,24081,2,58,0
C1469,53,M,Laptop,15889,1,105,0
C1470,22,M,Accessory,24189,3,26,0
C1471,54,F,Phone,23799,3,95,0
C1472,60,M,Laptop,17344,2,79,0
C1473,36,M,Accessory,23426,4,128,0
C1474,54,M,Phone,29307,4,157,0
C1475,25,M,Accessory,24090,1,137,0
C1476,24,F,Phone,16646,2,78,0
C1477,57,M,Accessory,16195,3,36,0
C1478,30,F,Laptop,19300,3,132,0
C1479,54,F,Phone,28899,3,59,1
C1480,44,F,Tablet,13969,2,165,0
C1481,35,F,Phone,23137,1,124,0
C1482,41,M,Phone,7500,2,88,0
C1483,58,F,Phone,24756,5,81,0
C1484,19,F,Laptop,26014,6,141,0
C1485,33,M,Accessory,36220,2,148,0
C1486,31,F,Phone,27402,4,17,1
C1487,34,F,Laptop,16790,4,51,0
C1488,23,F,Phone,7723,1,55,0
C1489,52,F,Tablet,24113,5,161,0
C1490,34,M,Phone,17382,4,149,0
C1491,62,F,Phone,22672,0,81,0
C1492,55,M,Phone,14238,3,150,0
C1493,57,M,Laptop,18614,6,153,0
C1494,23,M,Tablet,6400,0,110,0
C1495,55,F,Laptop,11630,4,140,0
C1496,38,F,Phone,10501,1,143,0
C1497,52,M,Laptop,26982,3,86,0
C1498,40,M,Tablet,13381,2,2,0
C1499,29,M,Phone,31023,0,132,0
C1500,46,M,Phone,13460,5,45,0
